"","X.1","X","Season1","Season2","Season3","Season4","Season5","Age1","Age2","Age3","Age4","Age5","College1","College2","College3","College4","College5","G1","G2","G3","G4","G5","MP1","MP2","MP3","MP4","MP5","FG1","FG2","FG3","FG4","FG5","FGA1","FGA2","FGA3","FGA4","FGA5","X3P1","X3P2","X3P3","X3P4","X3P5","X3PA1","X3PA2","X3PA3","X3PA4","X3PA5","FT1","FT2","FT3","FT4","FT5","FTA1","FTA2","FTA3","FTA4","FTA5","ORB1","ORB2","ORB3","ORB4","ORB5","TRB1","TRB2","TRB3","TRB4","TRB5","AST1","AST2","AST3","AST4","AST5","STL1","STL2","STL3","STL4","STL5","BLK1","BLK2","BLK3","BLK4","BLK5","TOV1","TOV2","TOV3","TOV4","TOV5","PF1","PF2","PF3","PF4","PF5","PTS1","PTS2","PTS3","PTS4","PTS5","FG.1","FG.2","FG.3","FG.4","FG.5","X3P.1","X3P.2","X3P.3","X3P.4","X3P.5","FT.1","FT.2","FT.3","FT.4","FT.5","MP1.1","MP2.1","MP3.1","MP4.1","MP5.1","PTS1.1","PTS2.1","PTS3.1","PTS4.1","PTS5.1","TRB1.1","TRB2.1","TRB3.1","TRB4.1","TRB5.1","AST1.1","AST2.1","AST3.1","AST4.1","AST5.1","player_id","name","ws"
"12",23,1,"2012-13","2013-14",NA,NA,"Career",18,19,NA,NA,NA,"UCLA","UCLA",NA,NA,NA,33,36,NA,NA,69,999,1082,NA,NA,2081,165,208,NA,NA,373,369,429,NA,NA,798,46,52,NA,NA,98,150,146,NA,NA,296,129,158,NA,NA,287,153,189,NA,NA,342,21,67,NA,NA,88,127,192,NA,NA,319,58,84,NA,NA,142,73,95,NA,NA,168,12,5,NA,NA,17,40,54,NA,NA,94,69,78,NA,NA,147,505,626,NA,NA,1131,0.447,0.485,NA,NA,0.467,0.307,0.356,NA,NA,0.331,0.843,0.836,NA,NA,0.839,30.3,30.1,NA,NA,30.2,15.3,17.4,NA,NA,16.4,3.8,5.3,NA,NA,4.6,1.8,2.3,NA,NA,2.1,"adamsjo01","Jordan Adams",0.4
"47",93,1,"2012-13","2013-14","2014-15",NA,"Career",19,20,21,NA,NA,"VIRGINIA","VIRGINIA","VIRGINIA",NA,NA,35,37,26,NA,98,841,799,724,NA,2364,89,96,103,NA,288,212,236,221,NA,669,20,30,47,NA,97,66,102,104,NA,272,68,68,64,NA,200,89,95,82,NA,266,32,26,17,NA,75,116,120,105,NA,341,81,54,45,NA,180,30,13,17,NA,60,42,28,14,NA,84,43,51,31,NA,125,49,58,30,NA,137,266,290,317,NA,873,0.42,0.407,0.466,NA,0.43,0.303,0.294,0.452,NA,0.357,0.764,0.716,0.78,NA,0.752,24,21.6,27.8,NA,24.1,7.6,7.8,12.2,NA,8.9,3.3,3.2,4,NA,3.5,2.3,1.5,1.7,NA,1.8,"anderju01","Justin Anderson",3.2
"49",97,1,"2012-13","2013-14",NA,NA,"Career",19,20,NA,NA,NA,"UCLA","UCLA",NA,NA,NA,35,36,NA,NA,71,1046,1196,NA,NA,2242,122,181,NA,NA,303,293,377,NA,NA,670,8,28,NA,NA,36,38,58,NA,NA,96,86,137,NA,NA,223,117,186,NA,NA,303,74,45,NA,NA,119,302,315,NA,NA,617,122,233,NA,NA,355,62,64,NA,NA,126,31,27,NA,NA,58,73,110,NA,NA,183,72,60,NA,NA,132,338,527,NA,NA,865,0.416,0.48,NA,NA,0.452,0.211,0.483,NA,NA,0.375,0.735,0.737,NA,NA,0.736,29.9,33.2,NA,NA,31.6,9.7,14.6,NA,NA,12.2,8.6,8.8,NA,NA,8.7,3.5,6.5,NA,NA,5,"anderky01","Kyle Anderson",9.7
"95",189,1,"2010-11","2011-12","2012-13","2013-14","Career",20,21,22,23,NA,"NMEXICO","NMEXICO","NMEXICO","NMEXICO",NA,31,34,35,34,134,301,523,844,1119,2787,33,40,108,237,418,55,90,237,426,808,1,0,0,1,2,2,1,0,3,6,13,45,124,219,401,22,71,168,298,559,25,57,76,76,234,55,123,208,251,637,7,11,31,53,102,6,13,24,19,62,8,19,21,51,99,14,32,43,68,157,46,80,84,72,282,80,125,340,694,1239,0.6,0.444,0.456,0.556,0.517,0.5,0,NA,0.333,0.333,0.591,0.634,0.738,0.735,0.717,9.7,15.4,24.1,32.9,20.8,2.6,3.7,9.7,20.4,9.2,1.8,3.6,5.9,7.4,4.8,0.2,0.3,0.9,1.6,0.8,"bairsca01","Cameron Bairstow",-0.1
"184",367,1,"2014-15",NA,NA,NA,"Career",18,NA,NA,NA,NA,"KENTUCKY",NA,NA,NA,NA,38,NA,NA,NA,38,816,NA,NA,NA,816,135,NA,NA,NA,135,287,NA,NA,NA,287,58,NA,NA,NA,58,141,NA,NA,NA,141,53,NA,NA,NA,53,64,NA,NA,NA,64,17,NA,NA,NA,17,76,NA,NA,NA,76,42,NA,NA,NA,42,17,NA,NA,NA,17,2,NA,NA,NA,2,37,NA,NA,NA,37,58,NA,NA,NA,58,381,NA,NA,NA,381,0.47,NA,NA,NA,0.47,0.411,NA,NA,NA,0.411,0.828,NA,NA,NA,0.828,21.5,NA,NA,NA,21.5,10,NA,NA,NA,10,2,NA,NA,NA,2,1.1,NA,NA,NA,1.1,"bookede01","Devin Booker",6.3
"237",473,1,"2010-11","2011-12","2012-13","2013-14","Career",18,19,20,21,NA,"WISCGB","WISCGB","WISCGB","WISCGB",NA,32,30,34,30,126,804,938,1042,909,3693,115,154,170,165,604,235,338,379,347,1299,2,4,30,42,78,6,19,70,100,195,94,101,109,88,392,126,131,146,121,524,65,92,67,63,287,179,246,204,171,800,14,25,42,30,111,13,26,20,15,74,67,89,59,94,309,49,59,90,65,263,88,81,100,67,336,326,413,479,460,1678,0.489,0.456,0.449,0.476,0.465,0.333,0.211,0.429,0.42,0.4,0.746,0.771,0.747,0.727,0.748,25.1,31.3,30.6,30.3,29.3,10.2,13.8,14.1,15.3,13.3,5.6,8.2,6,5.7,6.3,0.4,0.8,1.2,1,0.9,"brownal01","Alec Brown",NA
"251",501,1,"2010-11","2011-12","2012-13","2013-14","Career",19,20,21,22,NA,"OKSTATE","OKSTATE","OKSTATE","OKSTATE",NA,34,33,33,34,134,735,1026,1126,1201,4088,76,116,169,190,551,193,272,388,402,1255,16,23,52,55,146,61,72,143,145,421,51,93,114,149,407,84,127,150,194,555,21,31,16,36,104,86,168,146,179,579,49,80,80,99,308,28,41,33,34,136,33,19,26,35,113,51,76,57,55,239,50,79,70,86,285,219,348,504,584,1655,0.394,0.426,0.436,0.473,0.439,0.262,0.319,0.364,0.379,0.347,0.607,0.732,0.76,0.768,0.733,21.6,31.1,34.1,35.3,30.5,6.4,10.5,15.3,17.2,12.4,2.5,5.1,4.4,5.3,4.3,1.4,2.4,2.4,2.9,2.3,"brownma02","Markel Brown",1.1
"325",649,1,"2012-13","2013-14","2014-15",NA,"Career",19,20,21,NA,NA,"KENTUCKY","KENTUCKY","KENTUCKY",NA,NA,29,37,39,NA,105,683,880,1012,NA,2575,105,106,135,NA,346,169,178,236,NA,583,0,0,0,NA,0,0,0,0,NA,0,32,40,79,NA,151,86,83,128,NA,297,67,94,89,NA,250,179,225,251,NA,655,27,25,38,NA,90,24,44,47,NA,115,60,106,67,NA,233,48,31,48,NA,127,70,98,78,NA,246,242,252,349,NA,843,0.621,0.596,0.572,NA,0.593,NA,NA,NA,NA,NA,0.372,0.482,0.617,NA,0.508,23.6,23.8,25.9,NA,24.5,8.3,6.8,8.9,NA,8,6.2,6.1,6.4,NA,6.2,0.9,0.7,1,NA,0.9,"caulewi01","Willie Cauley-Stein",8.9
"346",691,1,"2011-12","2012-13","2013-14","2014-15","Career",20,21,22,23,NA,"SYRACUSE","SYRACUSE","SYRACUSE","SYRACUSE",NA,37,40,34,31,142,425,834,803,1064,3126,43,87,76,203,409,75,164,124,368,731,0,0,0,0,0,0,0,0,1,1,16,31,45,136,228,28,54,62,191,335,40,72,71,97,280,108,184,172,282,746,7,9,23,47,86,11,21,16,29,77,30,73,66,78,247,23,35,26,78,162,63,100,107,105,375,102,205,197,542,1046,0.573,0.53,0.613,0.552,0.56,NA,NA,NA,0,0,0.571,0.574,0.726,0.712,0.681,11.5,20.9,23.6,34.3,22,2.8,5.1,5.8,17.5,7.4,2.9,4.6,5.1,9.1,5.3,0.2,0.2,0.7,1.5,0.6,"chrisra01","Rakeem Christmas",0.5
"347",693,1,"2012-13","2013-14",NA,NA,"Career",20,21,NA,NA,NA,"XAVIER","XAVIER",NA,NA,NA,30,34,NA,NA,64,1027,1200,NA,NA,2227,162,201,NA,NA,363,365,420,NA,NA,785,7,19,NA,NA,26,28,49,NA,NA,77,125,157,NA,NA,282,186,235,NA,NA,421,5,15,NA,NA,20,86,91,NA,NA,177,139,142,NA,NA,281,45,45,NA,NA,90,3,8,NA,NA,11,109,89,NA,NA,198,80,72,NA,NA,152,456,578,NA,NA,1034,0.444,0.479,NA,NA,0.462,0.25,0.388,NA,NA,0.338,0.672,0.668,NA,NA,0.67,34.2,35.3,NA,NA,34.8,15.2,17,NA,NA,16.2,2.9,2.7,NA,NA,2.8,4.6,4.2,NA,NA,4.4,"chrisse01","Semaj Christon",0.1
"350",699,1,"2010-11","2011-12","2013-14",NA,"Career",18,19,21,NA,NA,"TULSA","TULSA","MISSOURI",NA,NA,27,31,35,NA,93,672,1052,1228,NA,2952,97,167,209,NA,473,224,384,467,NA,1075,20,43,32,NA,95,66,115,114,NA,295,96,134,162,NA,392,121,171,195,NA,487,11,35,28,NA,74,56,120,134,NA,310,52,79,118,NA,249,20,29,38,NA,87,3,17,6,NA,26,78,83,93,NA,254,62,73,76,NA,211,310,511,612,NA,1433,0.433,0.435,0.448,NA,0.44,0.303,0.374,0.281,NA,0.322,0.793,0.784,0.831,NA,0.805,24.9,33.9,35.1,NA,31.7,11.5,16.5,17.5,NA,15.4,2.1,3.9,3.8,NA,3.3,1.9,2.5,3.4,NA,2.7,"clarkjo01","Jordan Clarkson",6.9
"378",755,1,"2011-12","2012-13","2013-14","2014-15","Career",19,20,21,22,NA,"NOTREDAME","NOTREDAME","NOTREDAME","NOTREDAME",NA,34,35,32,38,139,820,1123,1190,1351,4484,85,109,155,166,515,201,245,343,356,1145,41,58,76,93,268,120,154,201,220,695,28,34,55,50,167,37,48,66,64,215,33,25,38,41,137,150,164,227,282,823,30,75,95,57,257,17,16,33,27,93,5,12,18,36,71,25,31,35,44,135,46,54,57,75,232,239,310,441,475,1465,0.423,0.445,0.452,0.466,0.45,0.342,0.377,0.378,0.423,0.386,0.757,0.708,0.833,0.781,0.777,24.1,32.1,37.2,35.6,32.3,7,8.9,13.8,12.5,10.5,4.4,4.7,7.1,7.4,5.9,0.9,2.1,3,1.5,1.8,"connapa01","Pat Connaughton",2.2
"431",861,1,"2011-12","2012-13","2013-14",NA,"Career",19,20,21,NA,NA,"UCONN","UCONN","UCONN",NA,NA,31,30,38,NA,99,376,877,1103,NA,2356,31,140,188,NA,359,91,299,401,NA,791,12,21,50,NA,83,50,68,120,NA,238,20,62,70,NA,152,25,88,89,NA,202,20,39,55,NA,114,65,164,228,NA,457,15,20,17,NA,52,11,25,26,NA,62,18,45,54,NA,117,22,50,56,NA,128,31,80,90,NA,201,94,363,496,NA,953,0.341,0.468,0.469,NA,0.454,0.24,0.309,0.417,NA,0.349,0.8,0.705,0.787,NA,0.752,12.1,29.2,29,NA,23.8,3,12.1,13.1,NA,9.6,2.1,5.5,6,NA,4.6,0.5,0.7,0.4,NA,0.5,"daniede01","DeAndre Daniels",NA
"459",917,1,"2011-12","2012-13","2013-14","2014-15","Career",18,19,20,21,NA,"MICHIGANST","MICHIGANST","MICHIGANST","MICHIGANST",NA,31,36,28,35,130,640,969,792,1055,3456,109,139,136,182,566,189,262,222,340,1013,0,0,0,0,0,3,5,1,0,9,41,43,42,51,177,69,80,64,104,317,67,77,83,102,329,139,212,233,318,902,29,47,46,59,181,29,57,35,42,163,26,33,25,58,142,43,73,36,67,219,41,58,41,72,212,259,321,314,415,1309,0.577,0.531,0.613,0.535,0.559,0,0,0,NA,0,0.594,0.538,0.656,0.49,0.558,20.6,26.9,28.3,30.1,26.6,8.4,8.9,11.2,11.9,10.1,4.5,5.9,8.3,9.1,6.9,0.9,1.3,1.6,1.7,1.4,"dawsobr01","Branden Dawson",0
"467",933,1,"2012-13","2013-14","2014-15",NA,"Career",18,19,20,NA,NA,"WISCONSIN","WISCONSIN","WISCONSIN",NA,NA,35,38,40,NA,113,780,1134,1239,NA,3153,118,168,213,NA,499,248,358,406,NA,1012,50,42,50,NA,142,128,129,151,NA,408,49,94,80,NA,223,71,137,113,NA,321,43,65,77,NA,185,118,231,220,NA,569,47,52,49,NA,148,23,29,21,NA,73,14,22,18,NA,54,37,41,36,NA,114,43,52,42,NA,137,335,472,556,NA,1363,0.476,0.469,0.525,NA,0.493,0.391,0.326,0.331,NA,0.348,0.69,0.686,0.708,NA,0.695,22.3,29.8,31,NA,27.9,9.6,12.4,13.9,NA,12.1,3.4,6.1,5.5,NA,5,1.3,1.4,1.2,NA,1.3,"dekkesa01","Sam Dekker",3.8
"487",973,1,"2011-12","2012-13","2013-14",NA,"Career",18,19,20,NA,NA,"COLORADO","COLORADO","COLORADO",NA,NA,36,33,17,NA,86,988,1073,529,NA,2590,99,130,61,NA,290,246,313,131,NA,690,42,47,26,NA,115,96,139,63,NA,298,120,198,102,NA,420,147,240,119,NA,506,25,9,8,NA,42,131,105,52,NA,288,64,99,64,NA,227,27,44,26,NA,97,9,16,4,NA,29,50,73,30,NA,153,84,65,32,NA,181,360,505,250,NA,1115,0.402,0.415,0.466,NA,0.42,0.438,0.338,0.413,NA,0.386,0.816,0.825,0.857,NA,0.83,27.4,32.5,31.1,NA,30.1,10,15.3,14.7,NA,13,3.6,3.2,3.1,NA,3.3,1.8,3,3.8,NA,2.6,"dinwisp01","Spencer Dinwiddie",6.7
"532",1063,1,"2012-13","2013-14",NA,NA,"Career",21,22,NA,NA,NA,"WICHITAST","WICHITAST",NA,NA,NA,39,36,NA,NA,75,979,986,NA,NA,1965,184,187,NA,NA,371,404,386,NA,NA,790,47,66,NA,NA,113,148,177,NA,NA,325,129,151,NA,NA,280,163,179,NA,NA,342,89,48,NA,NA,137,212,213,NA,NA,425,23,27,NA,NA,50,29,29,NA,NA,58,35,28,NA,NA,63,61,70,NA,NA,131,100,83,NA,NA,183,544,591,NA,NA,1135,0.455,0.484,NA,NA,0.47,0.318,0.373,NA,NA,0.348,0.791,0.844,NA,NA,0.819,25.1,27.4,NA,NA,26.2,13.9,16.4,NA,NA,15.1,5.4,5.9,NA,NA,5.7,0.6,0.8,NA,NA,0.7,"earlycl01","Cleanthony Early",-0.6
"564",1127,1,"2013-14",NA,NA,NA,"Career",19,NA,NA,NA,NA,"KANSAS",NA,NA,NA,NA,28,NA,NA,NA,28,647,NA,NA,NA,647,107,NA,NA,NA,107,171,NA,NA,NA,171,1,NA,NA,NA,1,5,NA,NA,NA,5,98,NA,NA,NA,98,143,NA,NA,NA,143,65,NA,NA,NA,65,227,NA,NA,NA,227,38,NA,NA,NA,38,25,NA,NA,NA,25,72,NA,NA,NA,72,66,NA,NA,NA,66,94,NA,NA,NA,94,313,NA,NA,NA,313,0.626,NA,NA,NA,0.626,0.2,NA,NA,NA,0.2,0.685,NA,NA,NA,0.685,23.1,NA,NA,NA,23.1,11.2,NA,NA,NA,11.2,8.1,NA,NA,NA,8.1,1.4,NA,NA,NA,1.4,"embiijo01","Joel Embiid",5
"570",1139,1,"2013-14",NA,NA,NA,"Career",19,NA,NA,NA,NA,"SYRACUSE",NA,NA,NA,NA,34,NA,NA,NA,34,1215,NA,NA,NA,1215,148,NA,NA,NA,148,360,NA,NA,NA,360,30,NA,NA,NA,30,85,NA,NA,NA,85,114,NA,NA,NA,114,149,NA,NA,NA,149,27,NA,NA,NA,27,115,NA,NA,NA,115,187,NA,NA,NA,187,71,NA,NA,NA,71,6,NA,NA,NA,6,58,NA,NA,NA,58,69,NA,NA,NA,69,440,NA,NA,NA,440,0.411,NA,NA,NA,0.411,0.353,NA,NA,NA,0.353,0.765,NA,NA,NA,0.765,35.7,NA,NA,NA,35.7,12.9,NA,NA,NA,12.9,3.4,NA,NA,NA,3.4,5.5,NA,NA,NA,5.5,"ennisty01","Tyler Ennis",0.7
"687",1373,1,"2013-14",NA,NA,NA,"Career",18,NA,NA,NA,NA,"ARIZONA",NA,NA,NA,NA,38,NA,NA,NA,38,1187,NA,NA,NA,1187,189,NA,NA,NA,189,382,NA,NA,NA,382,16,NA,NA,NA,16,45,NA,NA,NA,45,76,NA,NA,NA,76,180,NA,NA,NA,180,102,NA,NA,NA,102,303,NA,NA,NA,303,75,NA,NA,NA,75,34,NA,NA,NA,34,39,NA,NA,NA,39,55,NA,NA,NA,55,90,NA,NA,NA,90,470,NA,NA,NA,470,0.495,NA,NA,NA,0.495,0.356,NA,NA,NA,0.356,0.422,NA,NA,NA,0.422,31.2,NA,NA,NA,31.2,12.4,NA,NA,NA,12.4,8,NA,NA,NA,8,2,NA,NA,NA,2,"gordoaa01","Aaron Gordon",12.5
"705",1409,1,"2012-13","2013-14",NA,NA,"Career",18,19,NA,NA,NA,"SYRACUSE","SYRACUSE",NA,NA,NA,40,32,NA,NA,72,572,1005,NA,NA,1577,54,133,NA,NA,187,117,268,NA,NA,385,6,0,NA,NA,6,15,5,NA,NA,20,41,120,NA,NA,161,73,178,NA,NA,251,46,78,NA,NA,124,118,217,NA,NA,335,18,44,NA,NA,62,17,26,NA,NA,43,18,18,NA,NA,36,26,37,NA,NA,63,54,75,NA,NA,129,155,386,NA,NA,541,0.462,0.496,NA,NA,0.486,0.4,0,NA,NA,0.3,0.562,0.674,NA,NA,0.641,14.3,31.4,NA,NA,21.9,3.9,12.1,NA,NA,7.5,3,6.8,NA,NA,4.7,0.5,1.4,NA,NA,0.9,"grantje01","Jerami Grant",8
"748",1495,1,"2011-12","2012-13",NA,NA,"Career",19,20,NA,NA,NA,"UNC","UNC",NA,NA,NA,37,34,NA,NA,71,482,804,NA,NA,1286,61,159,NA,NA,220,198,369,NA,NA,567,38,89,NA,NA,127,139,225,NA,NA,364,52,88,NA,NA,140,62,113,NA,NA,175,28,65,NA,NA,93,81,147,NA,NA,228,28,46,NA,NA,74,14,43,NA,NA,57,6,14,NA,NA,20,27,39,NA,NA,66,54,64,NA,NA,118,212,495,NA,NA,707,0.308,0.431,NA,NA,0.388,0.273,0.396,NA,NA,0.349,0.839,0.779,NA,NA,0.8,13,23.6,NA,NA,18.1,5.7,14.6,NA,NA,10,2.2,4.3,NA,NA,3.2,0.8,1.4,NA,NA,1,"hairspj02","P.J. Hairston",0.9
"762",1523,1,"2012-13","2013-14","2014-15",NA,"Career",19,20,21,NA,NA,"BOSTONCOLL","BOSTONCOLL","BOSTONCOLL",NA,NA,33,32,32,NA,97,1129,1160,1204,NA,3493,167,173,225,NA,565,364,387,496,NA,1247,50,61,65,NA,176,127,176,184,NA,487,126,185,110,NA,421,168,228,145,NA,541,26,12,24,NA,62,137,110,135,NA,382,75,93,135,NA,303,38,25,41,NA,104,2,2,1,NA,5,73,78,85,NA,236,66,82,68,NA,216,510,592,625,NA,1727,0.459,0.447,0.454,NA,0.453,0.394,0.347,0.353,NA,0.361,0.75,0.811,0.759,NA,0.778,34.2,36.3,37.6,NA,36,15.5,18.5,19.5,NA,17.8,4.2,3.4,4.2,NA,3.9,2.3,2.9,4.2,NA,3.1,"hanlaol01","Olivier Hanlan",NA
"780",1559,1,"2012-13","2013-14","2014-15",NA,"Career",19,20,21,NA,NA,"LOUISVILLE","LOUISVILLE","LOUISVILLE",NA,NA,40,37,35,NA,112,649,1083,1229,NA,2961,97,223,213,NA,533,168,366,376,NA,910,0,2,9,NA,11,0,3,37,NA,40,32,71,114,NA,217,63,153,191,NA,407,63,120,111,NA,294,145,311,321,NA,777,8,45,49,NA,102,20,38,33,NA,91,27,49,42,NA,118,23,53,69,NA,145,51,89,74,NA,214,226,519,549,NA,1294,0.577,0.609,0.566,NA,0.586,NA,0.667,0.243,NA,0.275,0.508,0.464,0.597,NA,0.533,16.2,29.3,35.1,NA,26.4,5.7,14,15.7,NA,11.6,3.6,8.4,9.2,NA,6.9,0.2,1.2,1.4,NA,0.9,"harremo01","Montrezl Harrell",7
"781",1561,1,"2013-14","2014-15",NA,NA,"Career",19,20,NA,NA,NA,"KENTUCKY","KENTUCKY",NA,NA,NA,40,39,NA,NA,79,1267,994,NA,NA,2261,121,101,NA,NA,222,330,267,NA,NA,597,33,36,NA,NA,69,94,94,NA,NA,188,159,126,NA,NA,285,208,159,NA,NA,367,32,13,NA,NA,45,126,87,NA,NA,213,159,139,NA,NA,298,21,40,NA,NA,61,9,8,NA,NA,17,109,64,NA,NA,173,119,70,NA,NA,189,434,364,NA,NA,798,0.367,0.378,NA,NA,0.372,0.351,0.383,NA,NA,0.367,0.764,0.792,NA,NA,0.777,31.7,25.5,NA,NA,28.6,10.9,9.3,NA,NA,10.1,3.2,2.2,NA,NA,2.7,4,3.6,NA,NA,3.8,"harrian01","Andrew Harrison",2.3
"784",1567,1,"2012-13","2013-14",NA,NA,"Career",18,19,NA,NA,NA,"MICHIGANST","MICHIGANST",NA,NA,NA,34,35,NA,NA,69,1010,1131,NA,NA,2141,150,195,NA,NA,345,329,455,NA,NA,784,65,81,NA,NA,146,158,230,NA,NA,388,74,115,NA,NA,189,98,142,NA,NA,240,30,37,NA,NA,67,86,140,NA,NA,226,46,94,NA,NA,140,45,63,NA,NA,108,6,15,NA,NA,21,51,60,NA,NA,111,68,73,NA,NA,141,439,586,NA,NA,1025,0.456,0.429,NA,NA,0.44,0.411,0.352,NA,NA,0.376,0.755,0.81,NA,NA,0.788,29.7,32.3,NA,NA,31,12.9,16.7,NA,NA,14.9,2.5,4,NA,NA,3.3,1.4,2.7,NA,NA,2,"harriga01","Gary Harris",12
"785",1569,1,"2010-11","2011-12","2012-13","2013-14","Career",19,20,21,22,NA,"VIRGINIA","VIRGINIA","VIRGINIA","VIRGINIA",NA,31,32,35,37,135,910,969,1139,1066,4084,107,121,191,149,568,256,274,408,338,1276,65,49,77,72,263,156,129,181,180,646,44,71,111,73,299,58,92,150,114,414,35,29,30,22,116,135,124,141,109,509,39,55,76,84,254,27,23,31,35,116,11,12,17,8,48,49,46,70,48,213,69,68,82,88,307,323,362,570,443,1698,0.418,0.442,0.468,0.441,0.445,0.417,0.38,0.425,0.4,0.407,0.759,0.772,0.74,0.64,0.722,29.4,30.3,32.5,28.8,30.3,10.4,11.3,16.3,12,12.6,4.4,3.9,4,2.9,3.8,1.3,1.7,2.2,2.3,1.9,"harrijo01","Joe Harris",3.1
"793",1585,1,"2012-13","2013-14","2014-15",NA,"Career",19,20,21,NA,NA,"EWASHINGTN","EWASHINGTN","EWASHINGTN",NA,NA,21,31,32,NA,84,295,1158,1182,NA,2635,58,206,230,NA,494,111,465,490,NA,1066,23,109,128,NA,260,53,252,297,NA,602,10,156,150,NA,316,23,174,176,NA,373,8,21,20,NA,49,48,129,116,NA,293,31,84,82,NA,197,15,35,36,NA,86,3,9,4,NA,16,21,66,64,NA,151,31,71,60,NA,162,149,677,738,NA,1564,0.523,0.443,0.469,NA,0.463,0.434,0.433,0.431,NA,0.432,0.435,0.897,0.852,NA,0.847,14,37.4,36.9,NA,31.4,7.1,21.8,23.1,NA,18.6,2.3,4.2,3.6,NA,3.5,1.5,2.7,2.6,NA,2.3,"harvety01","Tyler Harvey",NA
"840",1679,1,"2011-12","2012-13","2013-14","2014-15","Career",18,19,20,21,NA,"VILLANOVA","VILLANOVA","VILLANOVA","VILLANOVA",NA,29,34,34,35,132,524,1015,991,1007,3537,47,117,157,170,491,126,290,323,386,1125,21,39,70,79,209,72,124,169,204,569,23,113,102,82,320,30,153,142,103,428,13,12,30,16,71,71,96,124,109,400,28,56,90,74,248,13,56,44,63,176,8,10,17,12,47,22,66,76,42,206,51,77,68,78,274,138,386,486,501,1511,0.373,0.403,0.486,0.44,0.436,0.292,0.315,0.414,0.387,0.367,0.767,0.739,0.718,0.796,0.748,18.1,29.9,29.1,28.8,26.8,4.8,11.4,14.3,14.3,11.4,2.4,2.8,3.6,3.1,3,1,1.6,2.6,2.1,1.9,"hillida01","Darrun Hilliard",0.2
"856",1711,1,"2013-14","2014-15",NA,NA,"Career",19,20,NA,NA,NA,"ARIZONA","ARIZONA",NA,NA,NA,38,38,NA,NA,76,960,1090,NA,NA,2050,121,138,NA,NA,259,247,275,NA,NA,522,2,6,NA,NA,8,10,29,NA,NA,39,103,145,NA,NA,248,151,205,NA,NA,356,83,77,NA,NA,160,215,260,NA,NA,475,55,59,NA,NA,114,28,44,NA,NA,72,40,32,NA,NA,72,44,59,NA,NA,103,92,94,NA,NA,186,347,427,NA,NA,774,0.49,0.502,NA,NA,0.496,0.2,0.207,NA,NA,0.205,0.682,0.707,NA,NA,0.697,25.3,28.7,NA,NA,27,9.1,11.2,NA,NA,10.2,5.7,6.8,NA,NA,6.3,1.4,1.6,NA,NA,1.5,"holliro01","Rondae Hollis-Jefferson",6.8
"858",1715,1,"2012-13","2013-14","2014-15",NA,"Career",19,20,21,NA,NA,"BOWLGREEN","BOWLGREEN","BOWLGREEN",NA,NA,32,32,31,NA,95,602,1024,892,NA,2518,88,150,165,NA,403,139,296,293,NA,728,0,12,18,NA,30,2,40,43,NA,85,31,113,109,NA,253,50,160,153,NA,363,76,86,88,NA,250,159,245,248,NA,652,7,29,26,NA,62,17,36,22,NA,75,73,88,83,NA,244,25,58,60,NA,143,66,90,77,NA,233,207,425,457,NA,1089,0.633,0.507,0.563,NA,0.554,0,0.3,0.419,NA,0.353,0.62,0.706,0.712,NA,0.697,18.8,32,28.8,NA,26.5,6.5,13.3,14.7,NA,11.5,5,7.7,8,NA,6.9,0.2,0.9,0.8,NA,0.7,"holmeri01","Richaun Holmes",6.3
"862",1723,1,"2011-12","2013-14",NA,NA,"Career",19,21,NA,NA,NA,"MISSST","DUKE",NA,NA,NA,32,35,NA,NA,67,1050,1150,NA,NA,2200,127,191,NA,NA,318,287,412,NA,NA,699,47,71,NA,NA,118,129,169,NA,NA,298,27,109,NA,NA,136,41,135,NA,NA,176,31,29,NA,NA,60,153,138,NA,NA,291,64,75,NA,NA,139,13,25,NA,NA,38,14,9,NA,NA,23,30,54,NA,NA,84,41,91,NA,NA,132,328,562,NA,NA,890,0.443,0.464,NA,NA,0.455,0.364,0.42,NA,NA,0.396,0.659,0.807,NA,NA,0.773,32.8,32.9,NA,NA,32.8,10.3,16.1,NA,NA,13.3,4.8,3.9,NA,NA,4.3,2,2.1,NA,NA,2.1,"hoodro01","Rodney Hood",11.7
"880",1759,1,"2010-11","2011-12","2012-13","2013-14","Career",19,20,21,22,NA,"STANFORD","STANFORD","STANFORD","STANFORD",NA,28,37,34,36,135,276,742,1092,1266,3376,24,73,139,156,392,55,167,302,346,870,2,12,26,26,66,10,43,77,77,207,13,38,54,64,169,20,74,81,102,277,27,63,111,91,292,56,176,307,295,834,7,33,30,43,113,3,17,26,21,67,7,43,71,69,190,7,27,48,43,125,17,60,77,76,230,63,196,358,402,1019,0.436,0.437,0.46,0.451,0.451,0.2,0.279,0.338,0.338,0.319,0.65,0.514,0.667,0.627,0.61,9.9,20.1,32.1,35.2,25,2.3,5.3,10.5,11.2,7.5,2,4.8,9,8.2,6.2,0.3,0.9,0.9,1.2,0.8,"huestjo01","Josh Huestis",0.7
"891",1781,1,"2012-13","2013-14","2014-15",NA,"Career",19,20,21,NA,NA,"GEORGIAST","GEORGIAST","GEORGIAST",NA,NA,31,33,35,NA,99,1038,1106,1294,NA,3438,175,181,203,NA,559,399,408,514,NA,1321,73,100,80,NA,253,200,253,262,NA,715,104,142,202,NA,448,134,161,230,NA,525,30,11,27,NA,68,158,151,165,NA,474,57,57,126,NA,240,53,63,75,NA,191,26,31,35,NA,92,52,39,77,NA,168,52,77,85,NA,214,527,604,688,NA,1819,0.439,0.444,0.395,NA,0.423,0.365,0.395,0.305,NA,0.354,0.776,0.882,0.878,NA,0.853,33.5,33.5,37,NA,34.7,17,18.3,19.7,NA,18.4,5.1,4.6,4.7,NA,4.8,1.8,1.7,3.6,NA,2.4,"hunterj01","R.J. Hunter",0.3
"937",1873,1,"2009-10","2011-12","2012-13","2013-14","Career",19,21,22,23,NA,"BAYLOR","BAYLOR","BAYLOR","BAYLOR",NA,21,34,37,38,130,97,357,1032,1103,2589,9,47,191,184,431,23,90,313,368,794,0,0,3,14,17,1,2,9,38,50,9,27,107,137,280,13,45,152,214,424,12,25,99,107,243,25,90,295,312,722,0,3,11,37,51,2,8,17,15,42,4,42,71,49,166,5,15,30,51,101,13,45,85,83,226,27,121,492,519,1159,0.391,0.522,0.61,0.5,0.543,0,0,0.333,0.368,0.34,0.692,0.6,0.704,0.64,0.66,4.6,10.5,27.9,29,19.9,1.3,3.6,13.3,13.7,8.9,1.2,2.6,8,8.2,5.6,0,0.1,0.3,1,0.4,"jeffeco01","Cory Jefferson",0.9
"955",1909,1,"2013-14","2014-15",NA,NA,"Career",18,19,NA,NA,NA,"KENTUCKY","KENTUCKY",NA,NA,NA,39,39,NA,NA,78,550,635,NA,NA,1185,82,79,NA,NA,161,144,156,NA,NA,300,0,0,NA,NA,0,0,0,NA,NA,0,38,90,NA,NA,128,85,144,NA,NA,229,79,67,NA,NA,146,154,179,NA,NA,333,11,29,NA,NA,40,9,14,NA,NA,23,23,36,NA,NA,59,25,42,NA,NA,67,79,69,NA,NA,148,202,248,NA,NA,450,0.569,0.506,NA,NA,0.537,NA,NA,NA,NA,NA,0.447,0.625,NA,NA,0.559,14.1,16.3,NA,NA,15.2,5.2,6.4,NA,NA,5.8,3.9,4.6,NA,NA,4.3,0.3,0.7,NA,NA,0.5,"johnsda04","Dakari Johnson",0.4
"979",1957,1,"2011-12","2012-13","2013-14",NA,"Career",19,20,21,NA,NA,"ARIZONA","ARIZONA","ARIZONA",NA,NA,35,35,38,NA,108,983,1099,1257,NA,3339,99,137,205,NA,441,268,306,474,NA,1048,40,42,62,NA,144,125,107,169,NA,401,74,87,146,NA,307,109,122,187,NA,418,19,14,31,NA,64,114,127,154,NA,395,85,112,107,NA,304,26,68,43,NA,137,19,20,25,NA,64,67,66,64,NA,197,79,65,76,NA,220,312,403,618,NA,1333,0.369,0.448,0.432,NA,0.421,0.32,0.393,0.367,NA,0.359,0.679,0.713,0.781,NA,0.734,28.1,31.4,33.1,NA,30.9,8.9,11.5,16.3,NA,12.3,3.3,3.6,4.1,NA,3.7,2.4,3.2,2.8,NA,2.8,"johnsni01","Nick Johnson",-0.1
"984",1967,1,"2014-15",NA,NA,NA,"Career",18,NA,NA,NA,NA,"ARIZONA",NA,NA,NA,NA,38,NA,NA,NA,38,1081,NA,NA,NA,1081,174,NA,NA,NA,174,390,NA,NA,NA,390,43,NA,NA,NA,43,116,NA,NA,NA,116,132,NA,NA,NA,132,178,NA,NA,NA,178,75,NA,NA,NA,75,247,NA,NA,NA,247,63,NA,NA,NA,63,57,NA,NA,NA,57,15,NA,NA,NA,15,82,NA,NA,NA,82,100,NA,NA,NA,100,523,NA,NA,NA,523,0.446,NA,NA,NA,0.446,0.371,NA,NA,NA,0.371,0.742,NA,NA,NA,0.742,28.4,NA,NA,NA,28.4,13.8,NA,NA,NA,13.8,6.5,NA,NA,NA,6.5,1.7,NA,NA,NA,1.7,"johnsst04","Stanley Johnson",1.9
"1015",2029,1,"2014-15",NA,NA,NA,"Career",18,NA,NA,NA,NA,"DUKE",NA,NA,NA,NA,39,NA,NA,NA,39,1322,NA,NA,NA,1322,135,NA,NA,NA,135,324,NA,NA,NA,324,47,NA,NA,NA,47,124,NA,NA,NA,124,144,NA,NA,NA,144,162,NA,NA,NA,162,19,NA,NA,NA,19,137,NA,NA,NA,137,217,NA,NA,NA,217,59,NA,NA,NA,59,3,NA,NA,NA,3,76,NA,NA,NA,76,46,NA,NA,NA,46,461,NA,NA,NA,461,0.417,NA,NA,NA,0.417,0.379,NA,NA,NA,0.379,0.889,NA,NA,NA,0.889,33.9,NA,NA,NA,33.9,11.8,NA,NA,NA,11.8,3.5,NA,NA,NA,3.5,5.6,NA,NA,NA,5.6,"jonesty01","Tyus Jones",4
"1027",2053,1,"2011-12","2012-13","2013-14","2014-15","Career",18,19,20,21,NA,"WISCONSIN","WISCONSIN","WISCONSIN","WISCONSIN",NA,35,32,38,39,144,271,329,1032,1311,2943,23,43,196,267,529,56,98,371,488,1013,10,14,37,42,103,35,45,98,101,279,7,33,101,156,297,14,43,132,200,389,22,21,81,58,182,50,56,240,320,666,10,26,49,103,188,4,14,26,33,77,13,17,66,57,153,10,9,39,63,121,34,40,96,65,235,63,133,530,732,1458,0.411,0.439,0.528,0.547,0.522,0.286,0.311,0.378,0.416,0.369,0.5,0.767,0.765,0.78,0.763,7.7,10.3,27.2,33.6,20.4,1.8,4.2,13.9,18.8,10.1,1.4,1.8,6.3,8.2,4.6,0.3,0.8,1.3,2.6,1.3,"kaminfr01","Frank Kaminsky",7.3
"1091",2181,1,"2011-12","2012-13","2013-14","2014-15","Career",19,20,21,22,NA,"UMASS","UMASS","UMASS","UMASS",NA,14,32,33,32,111,208,706,956,929,2799,39,102,145,138,424,71,184,262,250,767,4,1,2,3,10,12,9,8,18,47,12,64,82,91,249,20,89,122,143,374,32,96,103,110,341,79,236,262,304,881,3,7,6,10,26,0,13,17,19,49,21,44,71,61,197,22,45,59,80,206,26,77,85,87,275,94,269,374,370,1107,0.549,0.554,0.553,0.552,0.553,0.333,0.111,0.25,0.167,0.213,0.6,0.719,0.672,0.636,0.666,14.9,22.1,29,29,25.2,6.7,8.4,11.3,11.6,10,5.6,7.4,7.9,9.5,7.9,0.2,0.2,0.2,0.3,0.2,"lalanca01","Cady Lalanne",NA
"1109",2217,1,"2013-14",NA,NA,NA,"Career",18,NA,NA,NA,NA,"UCLA",NA,NA,NA,NA,37,NA,NA,NA,37,904,NA,NA,NA,904,127,NA,NA,NA,127,288,NA,NA,NA,288,48,NA,NA,NA,48,128,NA,NA,NA,128,47,NA,NA,NA,47,68,NA,NA,NA,68,18,NA,NA,NA,18,94,NA,NA,NA,94,66,NA,NA,NA,66,33,NA,NA,NA,33,6,NA,NA,NA,6,42,NA,NA,NA,42,73,NA,NA,NA,73,349,NA,NA,NA,349,0.441,NA,NA,NA,0.441,0.375,NA,NA,NA,0.375,0.691,NA,NA,NA,0.691,24.4,NA,NA,NA,24.4,9.4,NA,NA,NA,9.4,2.5,NA,NA,NA,2.5,1.8,NA,NA,NA,1.8,"lavinza01","Zach LaVine",5
"1158",2315,1,"2014-15",NA,NA,NA,"Career",18,NA,NA,NA,NA,"UCLA",NA,NA,NA,NA,36,NA,NA,NA,36,1113,NA,NA,NA,1113,151,NA,NA,NA,151,321,NA,NA,NA,321,22,NA,NA,NA,22,53,NA,NA,NA,53,92,NA,NA,NA,92,147,NA,NA,NA,147,122,NA,NA,NA,122,331,NA,NA,NA,331,51,NA,NA,NA,51,46,NA,NA,NA,46,32,NA,NA,NA,32,45,NA,NA,NA,45,104,NA,NA,NA,104,416,NA,NA,NA,416,0.47,NA,NA,NA,0.47,0.415,NA,NA,NA,0.415,0.626,NA,NA,NA,0.626,30.9,NA,NA,NA,30.9,11.6,NA,NA,NA,11.6,9.2,NA,NA,NA,9.2,1.4,NA,NA,NA,1.4,"looneke01","Kevon Looney",2.7
"1172",2343,1,"2014-15",NA,NA,NA,"Career",19,NA,NA,NA,NA,"KENTUCKY",NA,NA,NA,NA,36,NA,NA,NA,36,828,NA,NA,NA,828,117,NA,NA,NA,117,240,NA,NA,NA,240,4,NA,NA,NA,4,29,NA,NA,NA,29,75,NA,NA,NA,75,102,NA,NA,NA,102,65,NA,NA,NA,65,188,NA,NA,NA,188,38,NA,NA,NA,38,19,NA,NA,NA,19,16,NA,NA,NA,16,41,NA,NA,NA,41,57,NA,NA,NA,57,313,NA,NA,NA,313,0.488,NA,NA,NA,0.488,0.138,NA,NA,NA,0.138,0.735,NA,NA,NA,0.735,23,NA,NA,NA,23,8.7,NA,NA,NA,8.7,5.2,NA,NA,NA,5.2,1.1,NA,NA,NA,1.1,"lylestr01","Trey Lyles",5.6
"1198",2395,1,"2010-11","2011-12","2012-13","2013-14","Career",18,19,20,21,NA,"IOWA","IOWA","IOWA","IOWA",NA,31,35,37,33,136,593,1031,1130,995,3749,66,139,176,183,564,174,319,430,436,1359,11,22,49,52,134,41,56,150,149,396,35,102,153,142,432,66,141,189,199,595,19,39,34,26,118,74,133,147,106,460,41,126,112,118,397,21,53,42,60,176,2,14,10,7,33,34,61,80,57,232,41,57,50,64,212,178,402,554,560,1694,0.379,0.436,0.409,0.42,0.415,0.268,0.393,0.327,0.349,0.338,0.53,0.723,0.81,0.714,0.726,19.1,29.5,30.5,30.2,27.6,5.7,11.5,15,17,12.5,2.4,3.8,4,3.2,3.4,1.3,3.6,3,3.6,2.9,"marblde01","Roy Devyn Marble",-0.3
"1210",2419,1,"2013-14","2014-15",NA,NA,"Career",19,20,NA,NA,NA,"LSU","LSU",NA,NA,NA,32,33,NA,NA,65,837,1159,NA,NA,1996,121,202,NA,NA,323,257,397,NA,NA,654,27,14,NA,NA,41,81,52,NA,NA,133,62,140,NA,NA,202,90,203,NA,NA,293,56,98,NA,NA,154,146,305,NA,NA,451,29,59,NA,NA,88,27,38,NA,NA,65,22,23,NA,NA,45,52,92,NA,NA,144,78,92,NA,NA,170,331,558,NA,NA,889,0.471,0.509,NA,NA,0.494,0.333,0.269,NA,NA,0.308,0.689,0.69,NA,NA,0.689,26.2,35.1,NA,NA,30.7,10.3,16.9,NA,NA,13.7,4.6,9.2,NA,NA,6.9,0.9,1.8,NA,NA,1.4,"martija01","Jarell Martin",2.3
"1249",2497,1,"2014-15",NA,NA,NA,"Career",19,NA,NA,NA,NA,"SYRACUSE",NA,NA,NA,NA,16,NA,NA,NA,16,450,NA,NA,NA,450,54,NA,NA,NA,54,113,NA,NA,NA,113,1,NA,NA,NA,1,1,NA,NA,NA,1,40,NA,NA,NA,40,71,NA,NA,NA,71,36,NA,NA,NA,36,110,NA,NA,NA,110,18,NA,NA,NA,18,27,NA,NA,NA,27,33,NA,NA,NA,33,35,NA,NA,NA,35,41,NA,NA,NA,41,149,NA,NA,NA,149,0.478,NA,NA,NA,0.478,1,NA,NA,NA,1,0.563,NA,NA,NA,0.563,28.1,NA,NA,NA,28.1,9.3,NA,NA,NA,9.3,6.9,NA,NA,NA,6.9,1.1,NA,NA,NA,1.1,"mcculch01","Chris McCullough",0.6
"1251",2501,1,"2011-12","2012-13","2013-14",NA,"Career",18,19,20,NA,NA,"CLEMSON","CLEMSON","CLEMSON",NA,NA,30,28,36,NA,94,304,771,1212,NA,2287,44,109,209,NA,362,97,252,455,NA,804,7,32,42,NA,81,25,96,138,NA,259,22,54,154,NA,230,38,79,183,NA,300,34,50,86,NA,170,55,140,255,NA,450,7,21,57,NA,85,10,32,41,NA,83,20,58,100,NA,178,13,44,83,NA,140,26,62,80,NA,168,117,304,614,NA,1035,0.454,0.433,0.459,NA,0.45,0.28,0.333,0.304,NA,0.313,0.579,0.684,0.842,NA,0.767,10.1,27.5,33.7,NA,24.3,3.9,10.9,17.1,NA,11,1.8,5,7.1,NA,4.8,0.2,0.8,1.6,NA,0.9,"mcdankj01","K.J. McDaniels",1.3
"1253",2505,1,"2010-11","2011-12","2012-13","2013-14","Career",19,20,21,22,NA,"CREIGHTON","CREIGHTON","CREIGHTON","CREIGHTON",NA,39,35,36,35,145,1133,1117,1138,1181,4569,220,307,284,330,1141,419,511,518,627,2075,47,54,77,96,274,116,111,157,214,598,94,133,189,178,594,126,167,216,206,715,82,84,58,57,281,280,288,276,244,1088,45,37,57,55,194,11,7,8,8,34,4,3,2,5,14,87,79,93,62,321,81,61,56,67,265,581,801,834,934,3150,0.525,0.601,0.548,0.526,0.55,0.405,0.486,0.49,0.449,0.458,0.746,0.796,0.875,0.864,0.831,29.1,31.9,31.6,33.7,31.5,14.9,22.9,23.2,26.7,21.7,7.2,8.2,7.7,7,7.5,1.2,1.1,1.6,1.6,1.3,"mcderdo01","Doug McDermott",7.1
"1259",2517,1,"2012-13","2013-14",NA,NA,"Career",20,21,NA,NA,NA,"MICHIGAN","MICHIGAN",NA,NA,NA,39,8,NA,NA,47,769,198,NA,NA,967,134,30,NA,NA,164,224,55,NA,NA,279,0,0,NA,NA,0,0,2,NA,NA,2,23,16,NA,NA,39,52,24,NA,NA,76,99,23,NA,NA,122,246,66,NA,NA,312,25,12,NA,NA,37,42,15,NA,NA,57,28,6,NA,NA,34,47,13,NA,NA,60,92,25,NA,NA,117,291,76,NA,NA,367,0.598,0.545,NA,NA,0.588,NA,0,NA,NA,0,0.442,0.667,NA,NA,0.513,19.7,24.8,NA,NA,20.6,7.5,9.5,NA,NA,7.8,6.3,8.3,NA,NA,6.6,0.6,1.5,NA,NA,0.8,"mcgarmi01","Mitch McGary",1.3
"1279",2557,1,"2010-11","2011-12","2012-13","2013-14","Career",19,20,21,22,NA,"TENNESSEE","TENNESSEE","TENNESSEE","TENNESSEE",NA,10,34,33,37,114,53,738,1107,1190,3088,6,97,170,223,496,19,257,402,512,1190,1,39,60,79,179,9,119,169,225,522,5,60,118,167,350,11,79,153,212,455,2,16,31,26,75,8,99,136,128,371,0,52,66,91,209,2,20,26,25,73,4,26,29,38,97,5,50,93,77,225,5,58,77,78,218,18,293,518,692,1521,0.316,0.377,0.423,0.436,0.417,0.111,0.328,0.355,0.351,0.343,0.455,0.759,0.771,0.788,0.769,5.3,21.7,33.5,32.2,27.1,1.8,8.6,15.7,18.7,13.3,0.8,2.9,4.1,3.5,3.3,0,1.5,2,2.5,1.8,"mcraejo01","Jordan McRae",0.5
"1291",2581,1,"2013-14","2014-15",NA,NA,"Career",19,20,NA,NA,NA,"LSU","LSU",NA,NA,NA,34,31,NA,NA,65,1116,1081,NA,NA,2197,172,191,NA,NA,363,322,379,NA,NA,701,0,1,NA,NA,1,5,9,NA,NA,14,91,95,NA,NA,186,131,147,NA,NA,278,77,99,NA,NA,176,267,308,NA,NA,575,36,40,NA,NA,76,21,29,NA,NA,50,106,112,NA,NA,218,78,101,NA,NA,179,74,81,NA,NA,155,435,478,NA,NA,913,0.534,0.504,NA,NA,0.518,0,0.111,NA,NA,0.071,0.695,0.646,NA,NA,0.669,32.8,34.9,NA,NA,33.8,12.8,15.4,NA,NA,14,7.9,9.9,NA,NA,8.8,1.1,1.3,NA,NA,1.2,"mickejo01","Jordan Mickey",0.4
"1377",2753,1,"2011-12","2012-13","2013-14","2014-15","Career",19,20,21,22,NA,"WYOMING","WYOMING","WYOMING","WYOMING",NA,33,33,26,31,123,590,1057,902,1082,3631,49,129,147,185,510,106,242,270,360,978,3,10,9,14,36,9,29,37,42,117,35,84,97,114,330,43,112,128,145,428,42,64,35,44,185,131,228,224,224,807,13,41,42,76,172,25,42,37,37,141,19,24,55,37,135,28,51,44,70,193,57,85,73,69,284,136,352,400,498,1386,0.462,0.533,0.544,0.514,0.521,0.333,0.345,0.243,0.333,0.308,0.814,0.75,0.758,0.786,0.771,17.9,32,34.7,34.9,29.5,4.1,10.7,15.4,16.1,11.3,4,6.9,8.6,7.2,6.6,0.4,1.2,1.6,2.5,1.4,"nancela02","Larry Nance Jr.",8.4
"1378",2755,1,"2010-11","2011-12","2012-13","2013-14","Career",19,20,21,22,NA,"UCONN","UCONN","UCONN","UCONN",NA,41,34,28,40,143,976,1191,1043,1404,4614,100,136,146,213,595,270,350,331,496,1447,46,59,68,87,260,141,166,171,215,693,74,110,118,207,509,96,148,144,238,626,26,23,14,38,101,99,120,123,234,576,124,198,129,195,646,66,56,56,73,251,5,9,3,13,30,75,94,67,114,350,72,87,58,84,301,320,441,478,720,1959,0.37,0.389,0.441,0.429,0.411,0.326,0.355,0.398,0.405,0.375,0.771,0.743,0.819,0.87,0.813,23.8,35,37.3,35.1,32.3,7.8,13,17.1,18,13.7,2.4,3.5,4.4,5.9,4,3,5.8,4.6,4.9,4.5,"napiesh01","Shabazz Napier",3.8
"1413",2825,1,"2011-12","2012-13","2013-14",NA,"Career",18,19,20,NA,NA,"LSU","LSU","LSU",NA,NA,28,29,34,NA,91,600,845,1020,NA,2465,91,153,202,NA,446,228,319,409,NA,956,2,3,1,NA,6,12,12,3,NA,27,55,84,118,NA,257,88,141,186,NA,415,86,89,102,NA,277,187,253,262,NA,702,11,49,55,NA,115,15,15,17,NA,47,21,20,31,NA,72,66,93,108,NA,267,58,89,108,NA,255,239,393,523,NA,1155,0.399,0.48,0.494,NA,0.467,0.167,0.25,0.333,NA,0.222,0.625,0.596,0.634,NA,0.619,21.4,29.1,30,NA,27.1,8.5,13.6,15.4,NA,12.7,6.7,8.7,7.7,NA,7.7,0.4,1.7,1.6,NA,1.3,"obryajo01","Johnny O'Bryant III",0.2
"1418",2835,1,"2014-15",NA,NA,NA,"Career",19,NA,NA,NA,NA,"DUKE",NA,NA,NA,NA,38,NA,NA,NA,38,1143,NA,NA,NA,1143,279,NA,NA,NA,279,420,NA,NA,NA,420,0,NA,NA,NA,0,0,NA,NA,NA,0,99,NA,NA,NA,99,194,NA,NA,NA,194,134,NA,NA,NA,134,322,NA,NA,NA,322,49,NA,NA,NA,49,29,NA,NA,NA,29,54,NA,NA,NA,54,95,NA,NA,NA,95,81,NA,NA,NA,81,657,NA,NA,NA,657,0.664,NA,NA,NA,0.664,NA,NA,NA,NA,NA,0.51,NA,NA,NA,0.51,30.1,NA,NA,NA,30.1,17.3,NA,NA,NA,17.3,8.5,NA,NA,NA,8.5,1.3,NA,NA,NA,1.3,"okafoja01","Jahlil Okafor",2.4
"1436",2871,1,"2014-15",NA,NA,NA,"Career",19,NA,NA,NA,NA,"KANSAS",NA,NA,NA,NA,36,NA,NA,NA,36,756,NA,NA,NA,756,110,NA,NA,NA,110,248,NA,NA,NA,248,34,NA,NA,NA,34,95,NA,NA,NA,95,79,NA,NA,NA,79,110,NA,NA,NA,110,41,NA,NA,NA,41,179,NA,NA,NA,179,28,NA,NA,NA,28,41,NA,NA,NA,41,13,NA,NA,NA,13,43,NA,NA,NA,43,71,NA,NA,NA,71,333,NA,NA,NA,333,0.444,NA,NA,NA,0.444,0.358,NA,NA,NA,0.358,0.718,NA,NA,NA,0.718,21,NA,NA,NA,21,9.3,NA,NA,NA,9.3,5,NA,NA,NA,5,0.8,NA,NA,NA,0.8,"oubreke01","Kelly Oubre",5.3
"1447",2893,1,"2013-14",NA,NA,NA,"Career",18,NA,NA,NA,NA,"DUKE",NA,NA,NA,NA,35,NA,NA,NA,35,1074,NA,NA,NA,1074,236,NA,NA,NA,236,499,NA,NA,NA,499,38,NA,NA,NA,38,106,NA,NA,NA,106,160,NA,NA,NA,160,214,NA,NA,NA,214,105,NA,NA,NA,105,306,NA,NA,NA,306,41,NA,NA,NA,41,37,NA,NA,NA,37,43,NA,NA,NA,43,81,NA,NA,NA,81,83,NA,NA,NA,83,670,NA,NA,NA,670,0.473,NA,NA,NA,0.473,0.358,NA,NA,NA,0.358,0.748,NA,NA,NA,0.748,30.7,NA,NA,NA,30.7,19.1,NA,NA,NA,19.1,8.7,NA,NA,NA,8.7,1.2,NA,NA,NA,1.2,"parkeja01","Jabari Parker",9
"1460",2919,1,"2010-11","2011-12","2012-13","2013-14","Career",19,20,21,22,NA,"MICHIGANST","MICHIGANST","MICHIGANST","MICHIGANST",NA,34,37,36,31,138,306,661,922,870,2759,34,98,137,178,447,72,173,251,354,850,0,1,16,44,61,1,2,42,104,149,17,62,89,109,277,35,89,105,138,367,31,57,75,48,211,80,157,273,225,735,5,12,27,41,85,9,25,27,15,76,28,39,46,28,141,21,39,64,63,187,41,84,92,80,297,85,259,379,509,1232,0.472,0.566,0.546,0.503,0.526,0,0.5,0.381,0.423,0.409,0.486,0.697,0.848,0.79,0.755,9,17.9,25.6,28.1,20,2.5,7,10.5,16.4,8.9,2.4,4.2,7.6,7.3,5.3,0.1,0.3,0.8,1.3,0.6,"paynead01","Adreian Payne",-0.6
"1461",2921,1,"2013-14","2014-15",NA,NA,"Career",19,20,NA,NA,NA,"MURRAYST","MURRAYST",NA,NA,NA,34,35,NA,NA,69,1111,1127,NA,NA,2238,190,245,NA,NA,435,470,537,NA,NA,1007,72,84,NA,NA,156,211,223,NA,NA,434,120,133,NA,NA,253,155,169,NA,NA,324,10,21,NA,NA,31,123,129,NA,NA,252,185,209,NA,NA,394,57,68,NA,NA,125,20,17,NA,NA,37,110,87,NA,NA,197,96,72,NA,NA,168,572,707,NA,NA,1279,0.404,0.456,NA,NA,0.432,0.341,0.377,NA,NA,0.359,0.774,0.787,NA,NA,0.781,32.7,32.2,NA,NA,32.4,16.8,20.2,NA,NA,18.5,3.6,3.7,NA,NA,3.7,5.4,6,NA,NA,5.7,"payneca01","Cameron Payne",1
"1463",2925,1,"2011-12","2012-13","2013-14",NA,"Career",17,18,19,NA,NA,"ULALA","ULALA","ULALA",NA,NA,32,33,35,NA,100,726,1171,1258,NA,3155,77,187,237,NA,501,172,394,466,NA,1032,0,16,14,NA,30,8,50,54,NA,112,75,135,184,NA,394,133,210,302,NA,645,21,46,81,NA,148,114,184,210,NA,508,97,181,208,NA,486,37,80,80,NA,197,9,21,21,NA,51,96,113,127,NA,336,67,76,83,NA,226,229,525,672,NA,1426,0.448,0.475,0.509,NA,0.485,0,0.32,0.259,NA,0.268,0.564,0.643,0.609,NA,0.611,22.7,35.5,35.9,NA,31.6,7.2,15.9,19.2,NA,14.3,3.6,5.6,6,NA,5.1,3,5.5,5.9,NA,4.9,"paytoel01","Elfrid Payton",10.9
"1497",2993,1,"2011-12","2012-13","2013-14","2014-15","Career",19,20,21,22,NA,"STJOHNS","STJOHNS","STJOHNS","STJOHNS",NA,32,32,33,33,130,959,860,698,1143,3660,84,80,67,175,406,208,157,153,334,852,7,9,3,2,21,37,27,20,25,109,36,52,57,100,245,65,79,78,138,360,41,38,18,64,161,148,176,104,253,681,49,91,61,98,299,51,46,40,63,200,29,29,35,80,173,55,57,40,66,218,102,95,71,99,367,211,221,194,452,1078,0.404,0.51,0.438,0.524,0.477,0.189,0.333,0.15,0.08,0.193,0.554,0.658,0.731,0.725,0.681,30,26.9,21.2,34.6,28.2,6.6,6.9,5.9,13.7,8.3,4.6,5.5,3.2,7.7,5.2,1.5,2.8,1.8,3,2.3,"pointsi01","Sir'Dominic Pointer",NA
"1510",3019,1,"2013-14","2014-15",NA,NA,"Career",18,19,NA,NA,NA,"ARKANSAS","ARKANSAS",NA,NA,NA,34,36,NA,NA,70,918,1076,NA,NA,1994,161,250,NA,NA,411,316,466,NA,NA,782,9,14,NA,NA,23,33,30,NA,NA,63,87,115,NA,NA,202,118,156,NA,NA,274,86,133,NA,NA,219,230,321,NA,NA,551,50,42,NA,NA,92,35,39,NA,NA,74,54,50,NA,NA,104,41,56,NA,NA,97,59,78,NA,NA,137,418,629,NA,NA,1047,0.509,0.536,NA,NA,0.526,0.273,0.467,NA,NA,0.365,0.737,0.737,NA,NA,0.737,27,29.9,NA,NA,28.5,12.3,17.5,NA,NA,15,6.8,8.9,NA,NA,7.9,1.5,1.2,NA,NA,1.3,"portibo01","Bobby Portis",5.9
"1514",3027,1,"2010-11","2011-12","2012-13","2013-14","Career",19,20,21,22,NA,"STANFORD","STANFORD","STANFORD","STANFORD",NA,31,35,34,36,136,756,614,1032,1167,3569,88,73,179,175,515,187,161,383,379,1110,7,1,15,10,33,25,17,33,39,114,69,55,133,145,402,101,78,167,211,557,43,40,72,70,225,160,161,285,247,853,30,26,72,112,240,24,28,26,47,125,28,21,39,30,118,44,52,83,104,283,93,80,104,113,390,252,202,506,505,1465,0.471,0.453,0.467,0.462,0.464,0.28,0.059,0.455,0.256,0.289,0.683,0.705,0.796,0.687,0.722,24.4,17.5,30.4,32.4,26.2,8.1,5.8,14.9,14,10.8,5.2,4.6,8.4,6.9,6.3,1,0.7,2.1,3.1,1.8,"poweldw01","Dwight Powell",11.4
"1516",3031,1,"2011-12","2012-13","2013-14","2014-15","Career",18,19,20,21,NA,"UCLA","UCLA","UCLA","UCLA",NA,33,35,37,36,141,586,773,952,1244,3555,58,79,153,213,503,154,182,287,467,1090,26,27,20,38,111,75,92,68,119,354,9,27,96,127,259,15,40,123,169,347,9,4,24,21,58,74,76,105,169,424,39,37,63,75,214,16,25,51,66,158,9,18,14,16,57,24,38,38,80,180,45,67,85,91,288,151,212,422,591,1376,0.377,0.434,0.533,0.456,0.461,0.347,0.293,0.294,0.319,0.314,0.6,0.675,0.78,0.751,0.746,17.8,22.1,25.7,34.6,25.2,4.6,6.1,11.4,16.4,9.8,2.2,2.2,2.8,4.7,3,1.2,1.1,1.7,2.1,1.5,"powelno01","Norman Powell",4.8
"1536",3071,1,"2013-14",NA,NA,NA,"Career",19,NA,NA,NA,NA,"KENTUCKY",NA,NA,NA,NA,40,NA,NA,NA,40,1233,NA,NA,NA,1233,196,NA,NA,NA,196,391,NA,NA,NA,391,3,NA,NA,NA,3,18,NA,NA,NA,18,204,NA,NA,NA,204,289,NA,NA,NA,289,139,NA,NA,NA,139,416,NA,NA,NA,416,57,NA,NA,NA,57,20,NA,NA,NA,20,31,NA,NA,NA,31,101,NA,NA,NA,101,91,NA,NA,NA,91,599,NA,NA,NA,599,0.501,NA,NA,NA,0.501,0.167,NA,NA,NA,0.167,0.706,NA,NA,NA,0.706,30.8,NA,NA,NA,30.8,15,NA,NA,NA,15,10.4,NA,NA,NA,10.4,1.4,NA,NA,NA,1.4,"randlju01","Julius Randle",7.5
"1570",3139,1,"2011-12","2012-13","2013-14","2014-15","Career",18,19,20,21,NA,"TENNESSEE","TENNESSEE","TENNESSEE","TENNESSEE",NA,34,33,37,32,136,543,1013,1124,1162,3842,36,99,139,184,458,102,211,293,399,1005,9,9,34,46,98,38,42,100,128,308,16,54,69,99,238,25,78,87,124,314,18,41,29,28,116,47,143,106,143,439,24,51,56,115,246,18,35,27,67,147,19,23,30,16,88,32,55,37,85,209,61,82,79,79,301,97,261,381,513,1252,0.353,0.469,0.474,0.461,0.456,0.237,0.214,0.34,0.359,0.318,0.64,0.692,0.793,0.798,0.758,16,30.7,30.4,36.3,28.3,2.9,7.9,10.3,16,9.2,1.4,4.3,2.9,4.5,3.2,0.7,1.5,1.5,3.6,1.8,"richajo01","Josh Richardson",7.1
"1599",3197,1,"2012-13","2013-14",NA,NA,"Career",19,20,NA,NA,NA,"MICHIGAN","MICHIGAN",NA,NA,NA,39,37,NA,NA,76,1312,1194,NA,NA,2506,167,182,NA,NA,349,292,373,NA,NA,665,23,33,NA,NA,56,71,108,NA,NA,179,71,87,NA,NA,158,105,115,NA,NA,220,83,54,NA,NA,137,211,164,NA,NA,375,43,44,NA,NA,87,39,35,NA,NA,74,10,11,NA,NA,21,32,46,NA,NA,78,44,55,NA,NA,99,428,484,NA,NA,912,0.572,0.488,NA,NA,0.525,0.324,0.306,NA,NA,0.313,0.676,0.757,NA,NA,0.718,33.6,32.3,NA,NA,33,11,13.1,NA,NA,12,5.4,4.4,NA,NA,4.9,1.1,1.2,NA,NA,1.1,"robingl02","Glenn Robinson III",3.4
"1635",3269,1,"2013-14","2014-15",NA,NA,"Career",19,20,NA,NA,NA,"LOUISVILLE","LOUISVILLE",NA,NA,NA,37,36,NA,NA,73,699,1260,NA,NA,1959,93,214,NA,NA,307,232,521,NA,NA,753,36,48,NA,NA,84,97,157,NA,NA,254,37,139,NA,NA,176,52,176,NA,NA,228,28,43,NA,NA,71,114,200,NA,NA,314,67,108,NA,NA,175,38,72,NA,NA,110,2,6,NA,NA,8,22,79,NA,NA,101,54,62,NA,NA,116,259,615,NA,NA,874,0.401,0.411,NA,NA,0.408,0.371,0.306,NA,NA,0.331,0.712,0.79,NA,NA,0.772,18.9,35,NA,NA,26.8,7,17.1,NA,NA,12,3.1,5.6,NA,NA,4.3,1.8,3,NA,NA,2.4,"roziete01","Terry Rozier",3.8
"1644",3287,1,"2014-15",NA,NA,NA,"Career",18,NA,NA,NA,NA,"OHIOST",NA,NA,NA,NA,35,NA,NA,NA,35,1188,NA,NA,NA,1188,231,NA,NA,NA,231,515,NA,NA,NA,515,95,NA,NA,NA,95,231,NA,NA,NA,231,118,NA,NA,NA,118,156,NA,NA,NA,156,35,NA,NA,NA,35,198,NA,NA,NA,198,175,NA,NA,NA,175,55,NA,NA,NA,55,11,NA,NA,NA,11,102,NA,NA,NA,102,74,NA,NA,NA,74,675,NA,NA,NA,675,0.449,NA,NA,NA,0.449,0.411,NA,NA,NA,0.411,0.756,NA,NA,NA,0.756,33.9,NA,NA,NA,33.9,19.3,NA,NA,NA,19.3,5.7,NA,NA,NA,5.7,5,NA,NA,NA,5,"russeda01","D'Angelo Russell",1.7
"1722",3443,1,"2012-13","2013-14",NA,NA,"Career",18,19,NA,NA,NA,"OKSTATE","OKSTATE",NA,NA,NA,33,31,NA,NA,64,1106,1014,NA,NA,2120,151,163,NA,NA,314,374,386,NA,NA,760,38,49,NA,NA,87,131,164,NA,NA,295,167,182,NA,NA,349,215,250,NA,NA,465,50,44,NA,NA,94,192,183,NA,NA,375,139,148,NA,NA,287,99,89,NA,NA,188,22,18,NA,NA,40,111,82,NA,NA,193,92,91,NA,NA,183,507,557,NA,NA,1064,0.404,0.422,NA,NA,0.413,0.29,0.299,NA,NA,0.295,0.777,0.728,NA,NA,0.751,33.5,32.7,NA,NA,33.1,15.4,18,NA,NA,16.6,5.8,5.9,NA,NA,5.9,4.2,4.8,NA,NA,4.5,"smartma01","Marcus Smart",10.3
"1750",3499,1,"2010-11","2011-12","2012-13","2013-14","Career",19,20,21,22,NA,"LOUISVILLE","LOUISVILLE","LOUISVILLE","LOUISVILLE",NA,17,39,40,37,133,96,837,1211,1084,3228,14,149,232,225,620,41,419,560,481,1501,7,41,62,70,180,17,134,189,181,521,3,110,222,153,488,5,144,276,217,642,1,27,41,29,98,7,98,132,122,359,14,76,116,172,378,13,87,83,74,257,1,1,2,4,8,13,90,108,105,316,17,110,102,92,321,38,449,748,673,1908,0.341,0.356,0.414,0.468,0.413,0.412,0.306,0.328,0.387,0.345,0.6,0.764,0.804,0.705,0.76,5.6,21.5,30.3,29.3,24.3,2.2,11.5,18.7,18.2,14.3,0.4,2.5,3.3,3.3,2.7,0.8,1.9,2.9,4.6,2.8,"smithru01","Russ Smith",-0.2
"1776",3551,1,"2012-13","2013-14",NA,NA,"Career",19,20,NA,NA,NA,"MICHIGAN","MICHIGAN",NA,NA,NA,39,36,NA,NA,75,1190,1281,NA,NA,2471,138,185,NA,NA,323,298,394,NA,NA,692,80,92,NA,NA,172,182,208,NA,NA,390,74,168,NA,NA,242,87,204,NA,NA,291,20,15,NA,NA,35,116,105,NA,NA,221,52,118,NA,NA,170,22,20,NA,NA,42,9,11,NA,NA,20,44,67,NA,NA,111,26,47,NA,NA,73,430,630,NA,NA,1060,0.463,0.47,NA,NA,0.467,0.44,0.442,NA,NA,0.441,0.851,0.824,NA,NA,0.832,30.5,35.6,NA,NA,32.9,11,17.5,NA,NA,14.1,3,2.9,NA,NA,2.9,1.3,3.3,NA,NA,2.3,"stausni01","Nik Stauskas",2.6
"1790",3579,1,"2011-12","2012-13","2013-14",NA,"Career",18,19,20,NA,NA,"TENNESSEE","TENNESSEE","TENNESSEE",NA,NA,17,33,37,NA,87,436,952,1199,NA,2587,63,149,199,NA,411,119,282,375,NA,776,0,0,0,NA,0,3,0,0,NA,3,37,110,160,NA,307,65,194,230,NA,489,44,138,155,NA,337,126,318,392,NA,836,12,42,75,NA,129,16,23,26,NA,65,23,37,34,NA,94,35,68,77,NA,180,39,78,73,NA,190,163,408,558,NA,1129,0.529,0.528,0.531,NA,0.53,0,NA,NA,NA,0,0.569,0.567,0.696,NA,0.628,25.6,28.8,32.4,NA,29.7,9.6,12.4,15.1,NA,13,7.4,9.6,10.6,NA,9.6,0.7,1.3,2,NA,1.5,"stokeja01","Jarnell Stokes",0.6
"1833",3665,1,"2009-10","2011-12","2012-13","2013-14","Career",19,21,22,23,NA,"WASHST","SANDIEGOST","SANDIEGOST","SANDIEGOST",NA,31,31,30,36,128,546,1048,861,1126,3581,54,98,87,188,427,131,244,248,457,1080,9,16,37,61,123,34,52,104,163,353,25,101,75,196,397,39,122,92,235,488,13,15,14,21,63,45,100,81,104,330,38,128,72,116,354,24,30,31,59,144,1,7,9,5,22,29,78,53,51,211,59,69,42,71,241,142,313,286,633,1374,0.412,0.402,0.351,0.411,0.395,0.265,0.308,0.356,0.374,0.348,0.641,0.828,0.815,0.834,0.814,17.6,33.8,28.7,31.3,28,4.6,10.1,9.5,17.6,10.7,1.5,3.2,2.7,2.9,2.6,1.2,4.1,2.4,3.2,2.8,"thamexa01","Xavier Thames",NA
"1864",3727,1,"2011-12","2012-13","2013-14","2014-15","Career",18,19,20,21,NA,"WILLMARY","WILLMARY","WILLMARY","WILLMARY",NA,32,30,32,33,127,889,1090,1139,1210,4328,118,181,195,215,709,318,411,448,472,1649,37,93,93,102,325,110,214,231,254,809,82,110,116,127,435,116,133,149,153,551,12,11,7,9,39,76,83,73,92,324,40,83,90,95,308,11,26,34,21,92,5,15,7,4,31,79,92,76,77,324,53,44,57,36,190,355,565,599,659,2178,0.371,0.44,0.435,0.456,0.43,0.336,0.435,0.403,0.402,0.402,0.707,0.827,0.779,0.83,0.789,27.8,36.3,35.6,36.7,34.1,11.1,18.8,18.7,20,17.1,2.4,2.8,2.3,2.8,2.6,1.3,2.8,2.8,2.9,2.4,"thornma02","Marcus Thornton",NA
"1872",3743,1,"2012-13","2013-14","2014-15",NA,"Career",19,20,21,NA,NA,"UNC","UNC","UNC",NA,NA,35,34,38,NA,107,302,975,1106,NA,2383,40,129,116,NA,285,82,264,271,NA,617,1,8,12,NA,21,11,36,32,NA,79,10,49,72,NA,131,26,98,117,NA,241,27,65,61,NA,153,59,197,213,NA,469,26,104,163,NA,293,17,55,56,NA,128,5,18,13,NA,36,31,64,85,NA,180,27,92,91,NA,210,91,315,316,NA,722,0.488,0.489,0.428,NA,0.462,0.091,0.222,0.375,NA,0.266,0.385,0.5,0.615,NA,0.544,8.6,28.7,29.1,NA,22.3,2.6,9.3,8.3,NA,6.7,1.7,5.8,5.6,NA,4.4,0.7,3.1,4.3,NA,2.7,"tokotjp01","J.P. Tokoto",NA
"1880",3759,1,"2014-15",NA,NA,NA,"Career",19,NA,NA,NA,NA,"KENTUCKY",NA,NA,NA,NA,39,NA,NA,NA,39,822,NA,NA,NA,822,145,NA,NA,NA,145,256,NA,NA,NA,256,2,NA,NA,NA,2,8,NA,NA,NA,8,109,NA,NA,NA,109,134,NA,NA,NA,134,92,NA,NA,NA,92,261,NA,NA,NA,261,44,NA,NA,NA,44,18,NA,NA,NA,18,88,NA,NA,NA,88,53,NA,NA,NA,53,115,NA,NA,NA,115,401,NA,NA,NA,401,0.566,NA,NA,NA,0.566,0.25,NA,NA,NA,0.25,0.813,NA,NA,NA,0.813,21.1,NA,NA,NA,21.1,10.3,NA,NA,NA,10.3,6.7,NA,NA,NA,6.7,1.1,NA,NA,NA,1.1,"townska01","Karl-Anthony Towns",28.2
"1894",3787,1,"2014-15",NA,NA,NA,"Career",18,NA,NA,NA,NA,"TEXAS",NA,NA,NA,NA,34,NA,NA,NA,34,755,NA,NA,NA,755,117,NA,NA,NA,117,257,NA,NA,NA,257,17,NA,NA,NA,17,62,NA,NA,NA,62,94,NA,NA,NA,94,112,NA,NA,NA,112,44,NA,NA,NA,44,222,NA,NA,NA,222,20,NA,NA,NA,20,10,NA,NA,NA,10,89,NA,NA,NA,89,47,NA,NA,NA,47,82,NA,NA,NA,82,345,NA,NA,NA,345,0.455,NA,NA,NA,0.455,0.274,NA,NA,NA,0.274,0.839,NA,NA,NA,0.839,22.2,NA,NA,NA,22.2,10.1,NA,NA,NA,10.1,6.5,NA,NA,NA,6.5,0.6,NA,NA,NA,0.6,"turnemy01","Myles Turner",13.4
"1916",3831,1,"2014-15",NA,NA,NA,"Career",18,NA,NA,NA,NA,"UNLV",NA,NA,NA,NA,23,NA,NA,NA,23,742,NA,NA,NA,742,144,NA,NA,NA,144,328,NA,NA,NA,328,54,NA,NA,NA,54,141,NA,NA,NA,141,68,NA,NA,NA,68,98,NA,NA,NA,98,14,NA,NA,NA,14,111,NA,NA,NA,111,36,NA,NA,NA,36,18,NA,NA,NA,18,8,NA,NA,NA,8,50,NA,NA,NA,50,54,NA,NA,NA,54,410,NA,NA,NA,410,0.439,NA,NA,NA,0.439,0.383,NA,NA,NA,0.383,0.694,NA,NA,NA,0.694,32.3,NA,NA,NA,32.3,17.8,NA,NA,NA,17.8,4.8,NA,NA,NA,4.8,1.6,NA,NA,NA,1.6,"vaughra01","Rashad Vaughn",-0.5
"1921",3841,1,"2013-14",NA,NA,NA,"Career",18,NA,NA,NA,NA,"INDIANA",NA,NA,NA,NA,30,NA,NA,NA,30,794,NA,NA,NA,794,113,NA,NA,NA,113,216,NA,NA,NA,216,16,NA,NA,NA,16,33,NA,NA,NA,33,96,NA,NA,NA,96,134,NA,NA,NA,134,71,NA,NA,NA,71,269,NA,NA,NA,269,18,NA,NA,NA,18,26,NA,NA,NA,26,41,NA,NA,NA,41,64,NA,NA,NA,64,81,NA,NA,NA,81,338,NA,NA,NA,338,0.523,NA,NA,NA,0.523,0.485,NA,NA,NA,0.485,0.716,NA,NA,NA,0.716,26.5,NA,NA,NA,26.5,11.3,NA,NA,NA,11.3,9,NA,NA,NA,9,0.6,NA,NA,NA,0.6,"vonleno01","Noah Vonleh",4.6
"1953",3905,1,"2012-13","2013-14",NA,NA,"Career",19,20,NA,NA,NA,"NCSTATE","NCSTATE",NA,NA,NA,35,35,NA,NA,70,944,1238,NA,NA,2182,186,342,NA,NA,528,299,652,NA,NA,951,14,31,NA,NA,45,27,116,NA,NA,143,39,156,NA,NA,195,72,226,NA,NA,298,74,113,NA,NA,187,146,250,NA,NA,396,28,40,NA,NA,68,42,63,NA,NA,105,15,21,NA,NA,36,34,83,NA,NA,117,77,97,NA,NA,174,425,871,NA,NA,1296,0.622,0.525,NA,NA,0.555,0.519,0.267,NA,NA,0.315,0.542,0.69,NA,NA,0.654,27,35.4,NA,NA,31.2,12.1,24.9,NA,NA,18.5,4.2,7.1,NA,NA,5.7,0.8,1.1,NA,NA,1,"warretj01","T.J. Warren",9.9
"1991",3981,1,"2011-12","2012-13","2013-14","2014-15","Career",19,20,21,22,NA,"IOWA","IOWA","IOWA","IOWA",NA,35,38,33,34,140,834,1109,926,1070,3939,136,140,143,171,590,270,299,245,328,1142,17,15,8,21,61,61,66,31,59,217,100,193,130,195,618,143,258,161,238,800,73,88,57,71,289,199,234,221,248,902,31,51,60,48,190,31,41,32,45,149,23,27,19,16,85,49,62,59,41,211,73,54,39,53,219,389,488,424,558,1859,0.504,0.468,0.584,0.521,0.517,0.279,0.227,0.258,0.356,0.281,0.699,0.748,0.807,0.819,0.773,23.8,29.2,28.1,31.5,28.1,11.1,12.8,12.8,16.4,13.3,5.7,6.2,6.7,7.3,6.4,0.9,1.3,1.8,1.4,1.4,"whiteaa01","Aaron White",NA
"2010",4019,1,"2013-14",NA,NA,NA,"Career",18,NA,NA,NA,NA,"KANSAS",NA,NA,NA,NA,35,NA,NA,NA,35,1148,NA,NA,NA,1148,189,NA,NA,NA,189,422,NA,NA,NA,422,43,NA,NA,NA,43,126,NA,NA,NA,126,176,NA,NA,NA,176,227,NA,NA,NA,227,76,NA,NA,NA,76,205,NA,NA,NA,205,54,NA,NA,NA,54,41,NA,NA,NA,41,34,NA,NA,NA,34,80,NA,NA,NA,80,94,NA,NA,NA,94,597,NA,NA,NA,597,0.448,NA,NA,NA,0.448,0.341,NA,NA,NA,0.341,0.775,NA,NA,NA,0.775,32.8,NA,NA,NA,32.8,17.1,NA,NA,NA,17.1,5.9,NA,NA,NA,5.9,1.5,NA,NA,NA,1.5,"wiggian01","Andrew Wiggins",12
"2013",4025,1,"2010-11","2011-12","2012-13","2013-14","Career",20,21,22,23,NA,"WASHINGTON","WASHINGTON","WASHINGTON","WASHINGTON",NA,33,32,34,32,131,523,912,1184,1116,3735,90,152,201,197,640,215,348,480,435,1478,63,73,75,90,301,157,181,205,230,773,25,78,93,103,299,31,93,114,118,356,22,26,40,22,110,68,108,146,119,441,29,39,65,81,214,14,29,37,32,112,10,20,36,32,98,21,40,63,54,178,41,63,71,75,250,268,455,570,587,1880,0.419,0.437,0.419,0.453,0.433,0.401,0.403,0.366,0.391,0.389,0.806,0.839,0.816,0.873,0.84,15.8,28.5,34.8,34.9,28.5,8.1,14.2,16.8,18.3,14.4,2.1,3.4,4.3,3.7,3.4,0.9,1.2,1.9,2.5,1.6,"wilcocj01","C.J. Wilcox",0.1
"2081",4161,1,"2014-15",NA,NA,NA,"Career",18,NA,NA,NA,NA,"DUKE",NA,NA,NA,NA,39,NA,NA,NA,39,1135,NA,NA,NA,1135,173,NA,NA,NA,173,356,NA,NA,NA,356,46,NA,NA,NA,46,110,NA,NA,NA,110,100,NA,NA,NA,100,156,NA,NA,NA,156,49,NA,NA,NA,49,252,NA,NA,NA,252,82,NA,NA,NA,82,52,NA,NA,NA,52,34,NA,NA,NA,34,71,NA,NA,NA,71,108,NA,NA,NA,108,492,NA,NA,NA,492,0.486,NA,NA,NA,0.486,0.418,NA,NA,NA,0.418,0.641,NA,NA,NA,0.641,29.1,NA,NA,NA,29.1,12.6,NA,NA,NA,12.6,6.5,NA,NA,NA,6.5,2.1,NA,NA,NA,2.1,"winslju01","Justise Winslow",3.4
"2104",4207,1,"2013-14","2014-15",NA,NA,"Career",21,22,NA,NA,NA,"UTAH","UTAH",NA,NA,NA,33,35,NA,NA,68,1202,1165,NA,NA,2367,174,165,NA,NA,339,310,324,NA,NA,634,12,26,NA,NA,38,54,73,NA,NA,127,153,153,NA,NA,306,193,183,NA,NA,376,42,34,NA,NA,76,224,173,NA,NA,397,174,178,NA,NA,352,82,73,NA,NA,155,43,34,NA,NA,77,84,68,NA,NA,152,61,49,NA,NA,110,513,509,NA,NA,1022,0.561,0.509,NA,NA,0.535,0.222,0.356,NA,NA,0.299,0.793,0.836,NA,NA,0.814,36.4,33.3,NA,NA,34.8,15.5,14.5,NA,NA,15,6.8,4.9,NA,NA,5.8,5.3,5.1,NA,NA,5.2,"wrighde01","Delon Wright",4
"2115",4229,1,"2013-14",NA,NA,NA,"Career",18,NA,NA,NA,NA,"KENTUCKY",NA,NA,NA,NA,40,NA,NA,NA,40,1296,NA,NA,NA,1296,183,NA,NA,NA,183,450,NA,NA,NA,450,82,NA,NA,NA,82,235,NA,NA,NA,235,125,NA,NA,NA,125,177,NA,NA,NA,177,41,NA,NA,NA,41,171,NA,NA,NA,171,67,NA,NA,NA,67,30,NA,NA,NA,30,8,NA,NA,NA,8,75,NA,NA,NA,75,83,NA,NA,NA,83,573,NA,NA,NA,573,0.407,NA,NA,NA,0.407,0.349,NA,NA,NA,0.349,0.706,NA,NA,NA,0.706,32.4,NA,NA,NA,32.4,14.3,NA,NA,NA,14.3,4.3,NA,NA,NA,4.3,1.7,NA,NA,NA,1.7,"youngja01","James Young",0.7
"2116",4231,1,"2011-12","2012-13","2013-14","2014-15","Career",19,20,21,22,NA,"HOUSTON","HOUSTON","OREGON","OREGON",NA,30,32,34,36,132,904,1048,1059,1322,4333,122,185,206,265,778,293,404,429,592,1718,55,66,76,91,288,144,157,183,255,739,41,140,155,124,460,49,160,176,134,519,22,18,26,19,85,108,112,96,160,476,71,79,66,135,351,26,19,44,41,130,6,0,1,1,8,54,41,39,87,221,56,40,47,51,194,340,576,643,745,2304,0.416,0.458,0.48,0.448,0.453,0.382,0.42,0.415,0.357,0.39,0.837,0.875,0.881,0.925,0.886,30.1,32.8,31.1,36.7,32.8,11.3,18,18.9,20.7,17.5,3.6,3.5,2.8,4.4,3.6,2.4,2.5,1.9,3.8,2.7,"youngjo01","Joseph Young",0.4
